{
  "majorVersion": 3,
  "minorVersion": 3,
  "patchVersion": 2,
  "isDefaultConfig": true,
  "displayMode": "format",
  "doIntermediateUpdates": true,
  "judgments": [
    {
      "threshold": 115,
      "text": "<size=500%>%s</size>%n",
      "color": [
        5.0,
        5.0,
        5.0,
        1000
      ]
    },
    {
      "threshold": 114,
      "text": "<size=300%><color=#c0ffff>1<color=#80ffff>1<color=#40ffff>4</size>",
      "color": [
        0.0,
        5.0,
        5.0,
        0.5
      ]
    },
    {
      "threshold": 113,
      "text": "<size=275%>%s</size>",
      "color": [
        0.0,
        5.0,
        5.0,
        3.0
      ]
    },
    {
      "threshold": 112,
      "text": "<size=250%><color=#00ffff>1<color=#40bfff>1<color=#807fff>2</size>",
      "color": [
        5.0,
        0.0,
        5.0,
        3.0
      ]
    },
    {
      "threshold": 111,
      "text": "<size=250%><color=#807fff>1<color=#c03fff>1<color=#ff00ff>1</size>",
      "color": [
        5.0,
        0.0,
        5.0,
        3.0
      ]
    },
    {
      "threshold": 110,
      "text": "<size=250%>%s</size>",
      "color": [
        5.0,
        0.0,
        5.0,
        3.0
      ]
    },
    {
      "threshold": 109,
      "text": "<size=200%>%s</size>",
      "color": [
        0.0,
        0.0,
        1.0,
        3.0
      ]
    },
    {
      "threshold": 108,
      "text": "<size=200%><color=#0000ff>1<color=#4040bf>0<color=#4040bf>8</size>",
      "color": [
        0.0,
        0.0,
        1.0,
        3.0
      ]
    },
    {
      "threshold": 107,
      "text": "<size=200%><color=#4040bf>1<color=#80807f>0<color=#c0c03f>7</size>",
      "color": [
        0.0,
        0.0,
        1.0,
        3.0
      ]
    },
    {
      "threshold": 106,
      "text": "<size=200%><color=#c0c03f>1<color=#c0c03f>0<color=#ffff00>6</size>",
      "color": [
        0.0,
        0.0,
        1.0,
        3.0
      ]
    },
    {
      "threshold": 105,
      "text": "<size=200%>%s</size>",
      "color": [
        1.0,
        1.0,
        0.0,
        3.0
      ],
      "fade": true
    },
    {
      "threshold": 104,
      "text": "<size=175%><color=#ffff00>1<color=#ffc000>0<color=#ffc000>4</size>",
      "color": [
        0.0,
        0.0,
        1.0,
        3.0
      ]
    },
    {
      "threshold": 103,
      "text": "<size=175%><color=#ffc000>1<color=#ff8000>0<color=#ff4000>3</size>",
      "color": [
        0.0,
        0.0,
        1.0,
        3.0
      ]
    },
    {
      "threshold": 102,
      "text": "<size=175%><color=#ff4000>1<color=#ff4000>0<color=#ff0000>2</size>",
      "color": [
        0.0,
        0.0,
        1.0,
        3.0
      ]
    },
    {
      "threshold": 101,
      "text": "<size=175%>%s</size>",
      "color": [
        1.0,
        0.0,
        0.0,
        3.0
      ],
      "fade": true
    },
    {
      "threshold": 100,
      "text": "<size=300%>0</size>",
      "color": [
        3.0,
        0.0,
        0.0,
        3.0
      ],
      "fade": true
    },
    {
      "threshold": 50,
      "text": "<size=200%>%s%n%C</size>",
      "color": [
        2.0,
        0.0,
        0.0,
        3.0
      ],
      "fade": true
    },
    {
      "text": "<size=200%>%s</size>%n%C",
      "color": [
        0.5,
        0.0,
        0.0,
        3.0
      ],
      "fade": true
    }
  ],
  "beforeCutAngleJudgments": [
    {
      "threshold": 70,
      "text": ""
    },
    {
      "text": "  "
    }
  ],
  "accuracyJudgments": [
    {
      "threshold": 15,
      "text": ""
    },
    {
      "text": "  "
    }
  ],
  "afterCutAngleJudgments": [
    {
      "threshold": 30,
      "text": ""
    },
    {
      "text": "  "
    }
  ]
}