{
  "majorVersion": 3,
  "minorVersion": 2,
  "patchVersion": 0,
  "isDefaultConfig": false,
  "displayMode": "format",
  "doIntermediateUpdates": true,
  "timeDependencyDecimalPrecision": 0,
  "timeDependencyDecimalOffset": 0,
  "judgments": [
    {
      "threshold": 115,
      "text": "<size=400%>115</size>",
      "color": [
        1.0,
        1.0,
        1.0,
        1.0
      ],
      "fade": false
    },
    {
      "threshold": 114,
      "text": "<size=300%><color=#FFFFFF>1<color=#f9bfcc>1<color=#f27f99>4</size>",
      "color": [
        1.0,
        1.0,
        1.0,
        1.0
      ],
      "fade": false
    },
    {
      "threshold": 113,
      "text": "<size=250%><color=#f9bfcc>1<color=#f27f99>1<color=#ec3f66>3</size>",
      "color": [
        0.4,
        0.0,
        1.0,
        1.0
      ],
      "fade": false
    },
    {
      "threshold": 112,
      "text": "<size=250%><color=#e60033>1<color=#e60033>1<color=#e60033>2</size>",
      "color": [
        0.4,
        0.0,
        1.0,
        1.0
      ],
      "fade": false
    },
    {
      "threshold": 111,
      "text": "<size=200%><color=#c0f3c0>1<color=#80e680>1<color=#40d940>1</size>",
      "color": [
        0.4,
        0.0,
        1.0,
        1.0
      ],
      "fade": true
    },
    {
      "threshold": 110,
      "text": "<size=200%><color=#00cc00>1<color=#00cc00>1<color=#00cc00>0</size>",
      "color": [
        0.0,
        1.0,
        0.0,
        1.0
      ],
      "fade": false
    },
    {
      "threshold": 109,
      "text": "<size=180%><color=#00cc00>1<color=#06b51c>0<color=#06b51c>9</size>",
      "color": [
        0.0,
        1.0,
        0.0,
        1.0
      ],
      "fade": false
    },
    {
      "threshold": 108,
      "text": "<size=180%><color=#06b51c>1<color=#0d9f39>0<color=#0d9f39>8</size>",
      "color": [
        0.0,
        1.0,
        0.0,
        1.0
      ],
      "fade": false
    },
    {
      "threshold": 107,
      "text": "<size=180%><color=#0d9f39>1<color=#138956>0<color=#138956>7</size>",
      "color": [
        0.0,
        1.0,
        0.0,
        1.0
      ],
      "fade": false
    },
    {
      "threshold": 106,
      "text": "<size=180%><color=#138956>1<color=#1a7373>0<color=#1a7373>6</size>",
      "color": [
        0.0,
        1.0,
        0.0,
        1.0
      ],
      "fade": false
    },
    {
      "threshold": 105,
      "text": "<size=180%><color=#1a7373>1<color=#205d90>0<color=#205d90>5</size>",
      "color": [
        1.0,
        0.980392158,
        0.0,
        1.0
      ],
      "fade": false
    },
    {
      "threshold": 104,
      "text": "<size=180%><color=#205d90>1<color=#2746ac>0<color=#2746ac>4</size>",
      "color": [
        1.0,
        0.980392158,
        0.0,
        1.0
      ],
      "fade": false
    },
    {
      "threshold": 103,
      "text": "<size=180%><color=#2746ac>1<color=#2d30c9>0<color=#2d30c9>3</size>",
      "color": [
        1.0,
        0.980392158,
        0.0,
        1.0
      ],
      "fade": false
    },
    {
      "threshold": 102,
      "text": "<size=180%><color=#2d30c9>1<color=#331ae6>0<color=#331ae6>2</size>",
      "color": [
        1.0,
        0.980392158,
        0.0,
        1.0
      ],
      "fade": false
    },
    {
      "threshold": 101,
      "text": "<size=180%><color=#331ae6>1<color=#331ae6>0<color=#331ae6>1</size>",
      "color": [
        1.0,
        0.980392158,
        0.0,
        1.0
      ],
      "fade": false
    },
    {
      "threshold": 100,
      "text": "<size=125%>%s</size>",
      "color": [
        0.9,
        0.8,
        0.0,
        1.0
      ],
      "fade": true
    },
    {
      "threshold": 95,
      "text": "<size=100%>%s</size>",
      "color": [
        0.8,
        0.7,
        0.0,
        1.0
      ],
      "fade": true
    },
    {
      "threshold": 0,
      "text": "<size=100%>NEE</size>",
      "color": [
        1.0,
        0.0,
        0.0,
        1.0
      ],
      "fade": true
    }
  ],
  "beforeCutAngleJudgments": [
    {
      "threshold": 70,
      "text": ""
    },
    {
      "threshold": 0,
      "text": ""
    }
  ],
  "accuracyJudgments": [
    {
      "threshold": 15,
      "text": ""
    },
    {
      "threshold": 0,
      "text": ""
    }
  ],
  "afterCutAngleJudgments": [
    {
      "threshold": 30,
      "text": ""
    },
    {
      "threshold": 0,
      "text": ""
    }
  ]
}