{
  "majorVersion": 3,
  "minorVersion": 3,
  "patchVersion": 2,
  "isDefaultConfig": false,
  "displayMode": "format",
  "doIntermediateUpdates": true,
  "timeDependencyDecimalPrecision": 0,
  "timeDependencyDecimalOffset": 0,
  "judgments": [
    {
      "threshold": 115,
      "text": "<size=300%>%B15</size>",
      "color": [
        1.0,
        1.0,
        1.0,
        1.0
      ],
      "fade": false
    },
    {
      "threshold": 114,
      "text": "<size=270%>%B14</size>",
      "color": [
        1.0,
        1.0,
        1.0,
        1.0
      ],
      "fade": false
    },
    {
      "threshold": 113,
      "text": "<size=250%><color=#FFFFFF>1<color=#DE67FF>3</size>",
      "color": [
        1.0,
        1.0,
        1.0,
        1.0
      ],
      "fade": false
    },
    {
      "threshold": 112,
      "text": "<size=230%><color=#FFFFFF>1<color=#DE67FF>2</size>",
      "color": [
        1.0,
        1.0,
        1.0,
        1.0
      ],
      "fade": false
    },
    {
      "threshold": 111,
      "text": "<size=215%><color=#FFFFFF>1<color=#DE67FF>1</size>",
      "color": [
        1.0,
        1.0,
        1.0,
        1.0
      ],
      "fade": false
    },
    {
      "threshold": 110,
      "text": "<size=200%>%B10</size>",
      "color": [
	0.8705882,
	0.4039216,
	1.0,
        1.0
      ],
      "fade": false
    },
    {
      "threshold": 109,
      "text": "<size=180%>%B9</size>",
      "color": [
	0.8705882,
	0.4039216,
	1.0,
        1.0
      ],
      "fade": false
    },
    {
      "threshold": 108,
      "text": "<size=180%>%B8</size>",
      "color": [
	0.8705882,
	0.4039216,
	1.0,
        1.0
      ],
      "fade": false
    },
    {
      "threshold": 107,
      "text": "<size=150%>%B7</size>",
      "color": [
	0.4078431,
	0.4078431,
	0.4078431,
        1.0
      ],
      "fade": false
    },
    {
      "threshold": 106,
      "text": "<size=150%>%B6</size>",
      "color": [
	0.4078431,
	0.4078431,
	0.4078431,
        1.0
      ],
      "fade": false
    },
    {
      "threshold": 105,
      "text": "<size=150%>%B5</size>",
      "color": [
	0.4078431,
	0.4078431,
	0.4078431,
        1.0
      ],
      "fade": false
    },
    {
      "threshold": 104,
      "text": "<size=150%>%B4</size>",
      "color": [
	0.4078431,
	0.4078431,
	0.4078431,
        1.0
      ],
      "fade": false
    },
    {
      "threshold": 103,
      "text": "<size=130%>%B3</size>",
      "color": [
	0.4078431,
	0.4078431,
	0.4078431,
        1.0
      ],
      "fade": false
    },
    {
      "threshold": 102,
      "text": "<size=130%>%B2</size>",
      "color": [
	0.4078431,
	0.4078431,
	0.4078431,
        1.0
      ],
      "fade": false
    },
    {
      "threshold": 101,
      "text": "<size=130%>%B1</size>",
      "color": [
	0.4078431,
	0.4078431,
	0.4078431,
        1.0
      ],
      "fade": false
    },
    {
      "threshold": 0,
      "text": "<size=100%>%c</size>%n%n%B %C %A",
      "color": [
        1.0,
        0.0,
        0.0,
        1.0
      ],
      "fade": false
    }
  ],
  "beforeCutAngleJudgments": [
    {
      "threshold": 70,
      "text": ""
    },
    {
      "threshold": 1,
      "text": "."
    },
    {
      "threshold": 0,
      "text": ""
    }
  ],
  "accuracyJudgments": [
    {
      "threshold": 15,
      "text": ""
    },
    {
      "threshold": 1,
      "text": ""
    },
    {
      "threshold": 0,
      "text": ""
    }
  ],
  "afterCutAngleJudgments": [
    {
      "threshold": 30,
      "text": ""
    },
    {
      "threshold": 0,
      "text": "."
    }
  ]
}