{
  "majorVersion": 3,
  "minorVersion": 3,
  "patchVersion": 3,
  "isDefaultConfig": false,
  "displayMode": "format",
  "doIntermediateUpdates": true,
  "timeDependencyDecimalPrecision": 0,
  "timeDependencyDecimalOffset": 0,
  "judgments": [
    {
      "threshold": 115,
      "text": "<size=400%><color=#FFFFFF>1<color=#FFFFFF>1<color=#FFFFFF>5</size>",
      "color": [
	0.04313726,
	0.1843137,
	0.8980392,
        1.0
      ],
      "fade": false
    },
    {
      "threshold": 114,
      "text": "<size=330%><color=#f0e0f4>1<color=#e1c1e8>1<color=#d2a2dd>4</size>",
      "color": [
	0.04313726,
	0.1843137,
	0.8980392,
        1.0
      ],
      "fade": false
    },
    {
      "threshold": 113,
      "text": "<size=330%><color=#c484d1>1<color=#ad87d6>1<color=#968adb>3</size>",
      "color": [
	0.04313726,
	0.6196079,
	0.9333333,
        1.0
      ],
      "fade": false
    },
    {
      "threshold": 112,
      "text": "<size=300%><color=#968adb>1<color=#7f8de0>1<color=#688fe5>2</size>",
      "color": [
	0.04313726,
	0.6196079,
	0.9333333,
        1.0
      ],
      "fade": false
    },
    {
      "threshold": 111,
      "text": "<size=300%><color=#7ba9db>1<color=#8ec2d0>1<color=#a1dcc6>1</size>",
      "color": [
	0.8627451,
	0.03921569,
	0.4784314,
        1.0
      ],
      "fade": false
    },
    {
      "threshold": 110,
      "text": "<size=275%><color=#a1dcc6>1<color=#b3f5bc>1<color=#c5f8ba>0</size>",
      "color": [
	0.7019608,
	0.9607843,
	0.7372549,
        1.0
      ],
      "fade": false
    },
    {
      "threshold": 106,
      "text": "<size=220%>%s</size>%n",
      "color": [
	0.9764706,
	1,
	0.7098039,
        1.0
      ],
      "fade": true
    },
    {
      "threshold": 100,
      "text": "<size=170%>%s</size>%n",
      "color": [
        0.9803922,
        0.5686275,
        0.5372549,
        1.0
      ],
      "fade": true
    },
    {
      "threshold": 0,
      "text": "<size=120%>%s</size>%n%n%B %C %A",
      "color": [
	1.0,
	0.0,
	0.0,
        1.0
      ],
      "fade": true
    }
  ],
  "beforeCutAngleJudgments": [
    {
      "threshold": 70,
      "text": " "
    },
    {
      "threshold": 0,
      "text": "<color=#18191A>"
    }
  ],
  "afterCutAngleJudgments": [
    {
      "threshold": 30,
      "text": " "
    },
    {
      "threshold": 0,
      "text": "<color=#18191A>"
    }
  ]
}