{
  "majorVersion": 3,
  "minorVersion": 3,
  "patchVersion": 3,
  "isDefaultConfig": false,
  "displayMode": "format",
  "doIntermediateUpdates": true,
  "timeDependencyDecimalPrecision": 0,
  "timeDependencyDecimalOffset": 0,
  "judgments": [
    {
      "threshold": 115,
      "text": "<size=450%><color=#ffebad>1<color=#ffebad>1<color=#ffebad>5</size>",
      "color": [
	0.04313726,
	0.1843137,
	0.8980392,
        1.0
      ],
      "fade": false
    },
    {
      "threshold": 114,
      "text": "<size=400%><color=#ffebad>1<color=#f5ce90>1<color=#f5ce90>4</size>",
      "color": [
	0.04313726,
	0.1843137,
	0.8980392,
        1.0
      ],
      "fade": false
    },
    {
      "threshold": 113,
      "text": "<size=375%><color=#f5ce90>1<color=#edb179>1<color=#de9162>3</size>",
      "color": [
	0.04313726,
	0.6196079,
	0.9333333,
        1.0
      ],
      "fade": false
    },
    {
      "threshold": 112,
      "text": "<size=325%><color=#edb179>1<color=#de9162>1<color=#d67454>2</size>",
      "color": [
	0.04313726,
	0.6196079,
	0.9333333,
        1.0
      ],
      "fade": false
    },
    {
      "threshold": 111,
      "text": "<size=300%><color=#d67454>1<color=#d67454>1<color=#cc4747>1</size>",
      "color": [
	0.8627451,
	0.03921569,
	0.4784314,
        1.0
      ],
      "fade": false
    },
    {
      "threshold": 110,
      "text": "<size=275%><color=#cc4747>1<color=#cc4747>1<color=#cc4747>0</size>",
      "color": [
	1.0,
	0.5,
	0.0,
        1.0
      ],
      "fade": false
    },
    {
      "threshold": 109,
      "text": "<size=200%><color=#cc4747>1<color=#ba3650>0<color=#ba3650>9</size>",
      "color": [
	1.0,
	0.5,
	0.0,
        1.0
      ],
      "fade": false
    },
    {
      "threshold": 108,
      "text": "<size=200%><color=#ba3650>1<color=#ab2b5e>0<color=#8f1b66>8</size>",
      "color": [
	1.0,
	0.5,
	0.0,
        1.0
      ],
      "fade": false
    },
    {
      "threshold": 107,
      "text": "<size=200%><color=#ab2b5e>1<color=#8f1b66>0<color=#780a67>7</size>",
      "color": [
	1.0,
	0.5,
	0.0,
        1.0
      ],
      "fade": false
    },
    {
      "threshold": 106,
      "text": "<size=200%><color=#780a67>1<color=#780a67>0<color=#560263>6</size>",
      "color": [
	1.0,
	0.5,
	0.0,
        1.0
      ],
      "fade": false
    },
    {
      "threshold": 105,
      "text": "<size=200%>%s</size>",
      "color": [
	0.3372549,
	0.007843138,
	0.3882353,
        1.0
      ],
      "fade": true
    },
    {
      "threshold": 90,
      "text": "<size=200%>%s</size>",
      "color": [
        0,
        0.1490196,
        0.2392157,
        1.0
      ],
      "fade": true
    },
    {
      "threshold": 70,
      "text": "<size=150%>%s</size>",
      "color": [
	0.4156863,
	0.01960784,
	0.01960784,
        1.0
      ],
      "fade": true
    },
    {
      "threshold": 0,
      "text": "<size=150%>%s</size>",
      "color": [
	0.2588235,
	0.01176471,
	0.01176471,
        1.0
      ],
      "fade": true
    }
  ],
  "beforeCutAngleJudgments": [
    {
      "threshold": 70,
      "text": " "
    },
    {
      "threshold": 0,
      "text": "<color=#18191A>"
    }
  ],
  "afterCutAngleJudgments": [
    {
      "threshold": 30,
      "text": " "
    },
    {
      "threshold": 0,
      "text": "<color=#18191A>"
    }
  ]
}