{
  "majorVersion": 3,
  "minorVersion": 3,
  "patchVersion": 3,
  "isDefaultConfig": false,
  "displayMode": "format",
  "doIntermediateUpdates": true,
  "timeDependencyDecimalPrecision": 0,
  "timeDependencyDecimalOffset": 0,
  "judgments": [
    {
      "threshold": 115,
      "text": "<size=420%><color=#FFFFFF>1<color=#FFFFFF>1<color=#FFFFFF>5</size>",
      "color": [
	0.04313726,
	0.1843137,
	0.8980392,
        1.0
      ],
      "fade": false
    },
    {
      "threshold": 114,
      "text": "<size=380%><color=#fef6e1>1<color=#fcedc2>1<color=#fae4a3>4</size>",
      "color": [
	0.04313726,
	0.1843137,
	0.8980392,
        1.0
      ],
      "fade": false
    },
    {
      "threshold": 113,
      "text": "<size=350%><color=#fae4a3>1<color=#f8db84>1<color=#f4c846>3</size>",
      "color": [
	0.04313726,
	0.6196079,
	0.9333333,
        1.0
      ],
      "fade": false
    },
    {
      "threshold": 112,
      "text": "<size=300%><color=#f4c846>1<color=#f2bf27>1<color=#f1ba17>2</size>",
      "color": [
	0.04313726,
	0.6196079,
	0.9333333,
        1.0
      ],
      "fade": false
    },
    {
      "threshold": 111,
      "text": "<size=270%><color=#f1ba17>1<color=#f1ba17>1<color=#f0b609>1</size>",
      "color": [
	0.8627451,
	0.03921569,
	0.4784314,
        1.0
      ],
      "fade": false
    },
    {
      "threshold": 110,
      "text": "<size=250%><color=#F0B609>1<color=#f0b609>1<color=#f0b609>0</size>",
      "color": [
	0.941176470588,
	0.713725490196,
	0.0352941176471,
        1.0
      ],
      "fade": false
    },
    {
      "threshold": 100,
      "text": "<size=200%>%s</size>%n%n%B %C %A",
      "color": [
	0.756862745098,
	0.56862745098,
	0.0588235294118,
        1.0
      ],
      "fade": true
    },
    {
      "threshold": 0,
      "text": "<size=150%>%s</size>%n%n%B %C %A",
      "color": [
	0.1,
	0.1,
	0.1,
        1.0
      ],
      "fade": true
    }
  ],
  "beforeCutAngleJudgments": [
    {
      "threshold": 70,
      "text": " "
    },
    {
      "threshold": 0,
      "text": "<color=#18191A>"
    }
  ],
  "afterCutAngleJudgments": [
    {
      "threshold": 30,
      "text": " "
    },
    {
      "threshold": 0,
      "text": "<color=#18191A>"
    }
  ]
}