{
  "majorVersion": 3,
  "minorVersion": 3,
  "patchVersion": 3,
  "isDefaultConfig": false,
  "displayMode": "format",
  "doIntermediateUpdates": true,
  "timeDependencyDecimalPrecision": 0,
  "timeDependencyDecimalOffset": 0,
  "judgments": [
    {
      "threshold": 115,
      "text": "<size=300%><color=#FFFFFF>Perfect",
      "color": [
	0.04313726,
	0.1843137,
	0.8980392,
        1.0
      ],
      "fade": false
    },
    {
      "threshold": 113,
      "text": "<size=250%><color=#540fd4>G<color=#9720e6>r<color=#d332f0>e<color=#9720e6>a<color=#540fd4>t</size>",
      "color": [
	0.04313726,
	0.1843137,
	0.8980392,
        1.0
      ],
      "fade": false
    },
    {
      "threshold": 110,
      "text": "<size=225%><color=#3eabe6>G<color=#51d0f0>o<color=#3eabe6>o<color=#2965d6>d</size>",
      "color": [
	0.04313726,
	0.6196079,
	0.9333333,
        1.0
      ],
      "fade": false
    },
    {
      "threshold": 107,
      "text": "<size=185%><color=#11d670>D<color=#1ee646>e<color=#44f035>c<color=#1ee646>e<color=#11d670>n<color=#06bd7d>t</size>",
      "color": [
	1,
	0.9764706,
	0.3333333,
        1.0
      ],
      "fade": true
    },
    {
      "threshold": 103,
      "text": "<size=170%><color=#f0d213>F<color=#f0f725>i<color=#f0d213>n<color=#dba00b>e</size>",
      "color": [
        1.0,
        0.0,
        0.0,
        1.0
      ],
      "fade": true
    },
    {
      "threshold": 70,
      "text": "<size=150%><color=#d90b91>B<color=#f52560>a<color=#d90b91>d</size>",

      "color": [
	0.4156863,
	0.01960784,
	0.01960784,
        1.0
      ],
      "fade": false
    },
    {
      "threshold": 0,
      "text": "<size=150%>%s</size>",
      "color": [
	0.2588235,
	0.01176471,
	0.01176471,
        1.0
      ],
      "fade": false
    }
  ],
  "beforeCutAngleJudgments": [
    {
      "threshold": 70,
      "text": " "
    },
    {
      "threshold": 0,
      "text": "<color=#18191A>"
    }
  ],
  "afterCutAngleJudgments": [
    {
      "threshold": 30,
      "text": " "
    },
    {
      "threshold": 0,
      "text": "<color=#18191A>"
    }
  ]
}