{
  "doIntermediateUpdates": true,
  "majorVersion": 3,
  "minorVersion": 3,
  "patchVersion": 2,
  "isDefaultConfig": true,
  "displayMode": "format",
  "judgments": [
    {
      "threshold": 115,
      "text": "<size=250%>%B%A</size>%n%s",
      "color": [
        1.0,
        1.0,
        1.0,
        1.0
      ]
    },
    {
      "threshold": 114,
      "text": "<size=225%>%B%A</size>%n%s",
      "color": [
        1.0,
        1.0,
        1.0,
        1.0
      ]
    },
    {
      "threshold": 113,
      "text": "<size=215%>%B%A</size>%n%s",
      "color": [
        1.0,
        0.0,
        1.0,
        1.0
      ]
    },
    {
      "threshold": 112,
      "text": "<size=210%>%B%A</size>%n%s",
      "color": [
        1.0,
        0.0,
        1.0,
        1.0
      ]
    },
    {
      "threshold": 111,
      "text": "<size=205%>%B%A</size>%n%s",
      "color": [
        1.0,
        0.0,
        1.0,
        1.0
      ]
    },
    {
      "threshold": 110,
      "text": "<size=200%>%B%A</size>%n%s",
      "color": [
        1.0,
        0.0,
        1.0,
        1.0
      ]
    },
    {
      "threshold": 100,
      "text": "<size=150%>%B%A</size>%n%s",
      "color": [
        0.0,
        1.0,
        0.0,
        1.0
      ]
    },
    {
      "threshold": 90,
      "text": "<size=100%>%B%A</size>%n%s",
      "color": [
        1.0,
        0.9,
        0.0,
        1.0
      ]
    },
    {
      "threshold": 50,
      "text": "<size=80%>%B%A</size>%n%s",
      "color": [
        1.0,
        0.0,
        0.0,
        1.0
      ]
    },
    {
      "threshold": 30,
      "text": "<size=200%>%BBAD%A</size>%n%s",
      "color": [
        1.0,
        0.0,
        0.0,
        1.0
      ]
    },
    {
      "threshold": 0,
      "text": "<size=300%>%BRESTART%A</size>%n%s",
      "color": [
        1.0,
        0.0,
        0.0,
        1.0
      ]
    }
  ],
  "beforeCutAngleJudgments": [
    {
      "threshold": 70,
      "text": ""
    },
    {
      "text": "  "
    }
  ],
  "accuracyJudgments": [
    {
      "threshold": 15,
      "text": ""
    },
    {
      "text": "  "
    }
  ],
  "afterCutAngleJudgments": [
    {
      "threshold": 30,
      "text": ""
    },
    {
      "text": "  "
    }
  ]
}