{
  "majorVersion": 3,
  "minorVersion": 3,
  "patchVersion": 3,
  "isDefaultConfig": false,
  "displayMode": "format",
  "doIntermediateUpdates": true,
  "timeDependencyDecimalPrecision": 0,
  "timeDependencyDecimalOffset": 0,
  "judgments": [
    {
      "threshold": 115,
      "text": "<size=500%><color=#FFFFFF>15</size>",
      "color": [
	0.04313726,
	0.1843137,
	0.8980392,
        1.0
      ],
      "fade": false
    },
    {
      "threshold": 114,
      "text": "<size=350%><color=#FFFFFF>14</size>",
      "color": [
	0.04313726,
	0.1843137,
	0.8980392,
        1.0
      ],
      "fade": false
    },
    {
      "threshold": 113,
      "text": "<size=300%><color=#FFFFFF>13</size>",
      "color": [
	0.04313726,
	0.6196079,
	0.9333333,
        1.0
      ],
      "fade": false
    },
    {
      "threshold": 112,
      "text": "<size=250%><color=#FFFFFF>12</size>",
      "color": [
	0.04313726,
	0.6196079,
	0.9333333,
        1.0
      ],
      "fade": false
    },
    {
      "threshold": 111,
      "text": "<size=220%><color=#FFFFFF>11</size>",
      "color": [
	0.8627451,
	0.03921569,
	0.4784314,
        1.0
      ],
      "fade": false
    },
    {
      "threshold": 110,
      "text": "<size=200%><color=#FFFFFF>10</size>",
      "color": [
	0.04313726,
	0.6196079,
	0.9333333,
        1.0
      ],
      "fade": false
    },
    {
      "threshold": 109,
      "text": "<size=150%>%B9</size>",
      "color": [
	1,
	1,
	1,
        1.0
      ],
      "fade": false
    },
    {
      "threshold": 108,
      "text": "<size=150%>%B8</size>",
      "color": [
	1,
	1,
	1,
        1.0
      ],
      "fade": false
    },
    {
      "threshold": 107,
      "text": "<size=150%>%B7</size>",
      "color": [
	1,
	1,
	1,
        1.0
      ],
      "fade": false
    },
    {
      "threshold": 106,
      "text": "<size=150%>%B6</size>",
      "color": [
	1,
	1,
	1,
        1.0
      ],
      "fade": false
    },
    {
      "threshold": 105,
      "text": "<size=150%>%B5</size>",
      "color": [
	1,
	1,
	1,
        1.0
      ],
      "fade": false
    },
    {
      "threshold": 104,
      "text": "<size=150%>%B4</size>",
      "color": [
	1,
	1,
	1,
        1.0
      ],
      "fade": false
    },
    {
      "threshold": 103,
      "text": "<size=120%>%B3</size>",
      "color": [
	1,
	1,
	1,
        1.0
      ],
      "fade": false
    },
    {
      "threshold": 102,
      "text": "<size=120%>%B2</size>",
      "color": [
	1,
	1,
	1,
        1.0
      ],
      "fade": false
    },
    {
      "threshold": 101,
      "text": "<size=120%>%B1</size>",
      "color": [
	1,
	1,
	1,
        1.0
      ],
      "fade": false
    },
    {
      "threshold": 100,
      "text": "<size=120%>%B0</size>",
      "color": [
	1,
	1,
	1,
        1.0
      ],
      "fade": false
    },
    {
      "threshold": 0,
      "text": "<size=100%>%s</size>%n%n%B %C %A",
      "color": [
	1,
	1,
	1,
        1.0
      ],
      "fade": false
    }
  ],
  "beforeCutAngleJudgments": [
    {
      "threshold": 70,
      "text": " "
    },
    {
      "threshold": 0,
      "text": "<color=#18191A>"
    }
  ],
  "afterCutAngleJudgments": [
    {
      "threshold": 30,
      "text": " "
    },
    {
      "threshold": 0,
      "text": "<color=#18191A>"
    }
  ]
}