{
  "majorVersion": 3,
  "minorVersion": 2,
  "patchVersion": 0,
  "isDefaultConfig": false,
  "displayMode": "format",
  "doIntermediateUpdates": true,
  "timeDependencyDecimalPrecision": 0,
  "timeDependencyDecimalOffset": 0,
  "judgments": [
    {
      "threshold": 115,
      "text": "<size=250%><color=#701763>1<color=#84176c>5</size>",
      "color": [
        1.0,
        1.0,
        1.0,
        1.0
      ],
      "fade": false
    },
    {
      "threshold": 114,
      "text": "<size=225%><color=#a01b71>1<color=#ac2070>4<color=#FFf600>%n%B<color=#FF0000>%A</size>",
      "color": [
        1.0,
        0.0,
        0.0,
        1.0
      ],
      "fade": false
    },
    {
      "threshold": 113,
      "text": "<size=200%><color=#c42b6f>1<color=#dd356e>3<color=#FFf600>%n%B<color=#FF0000>%A</size>",
      "color": [
        1.0,
        0.0,
        0.0,
        1.0
      ],
      "fade": false
    },
    {
      "threshold": 112,
      "text": "<size=180%><color=#e93a6e>1<color=#f5406d>2<color=#FFf600>%n%B<color=#FF0000>%A</size>",
      "color": [
        1.0,
        0.0,
        0.0,
        1.0
      ],
      "fade": false
    },
    {
      "threshold": 111,
      "text": "<size=165%><color=#F5406D>1<color=#f84863>1<color=#FFf600>%n%B<color=#FF0000>%A</size>",
      "color": [
        1.0,
        0.0,
        0.0,
        1.0
      ],
      "fade": true
    },
    {
      "threshold": 110,
      "text": "<size=150%><color=#f84863>1<color=#fa5159>0<color=#FFf600>%n%B<color=#FF0000>%A</size>",
      "color": [
        1.0,
        0.0,
        0.0,
        1.0
      ],
      "fade": true
    },
    {
      "threshold": 109,
      "text": "<size=125%><color=#fc5a4f>9<color=#FFf600>%n%B<color=#FF0000>%A</size>",
      "color": [
        1.0,
        0.0,
        0.0,
        1.0
      ],
      "fade": true
    },
    {
      "threshold": 108,
      "text": "<size=125%><color=#FE6345>8<color=#FFf600>%n%B<color=#FF0000>%A</size>",
      "color": [
        1.0,
        0.0,
        0.0,
        1.0
      ],
      "fade": true
    },
    {
      "threshold": 107,
      "text": "<size=125%><color=#fe8034>7<color=#FFf600>%n%B<color=#FF0000>%A</size>",
      "color": [
        1.0,
        0.0,
        0.0,
        1.0
      ],
      "fade": true
    },
    {
      "threshold": 106,
      "text": "<size=125%><color=#fe9c23>6<color=#FFf600>%n%B<color=#FF0000>%A</size>",
      "color": [
        1.0,
        0.0,
        0.0,
        1.0
      ],
      "fade": true
    },
    {
      "threshold": 105,
      "text": "<size=125%><color=#ffb911>5<color=#FFf600>%n%B<color=#FF0000>%A</size>",
      "color": [
        1.0,
        0.0,
        0.0,
        1.0
      ],
      "fade": true
    },
    {
      "threshold": 104,
      "text": "<size=125%><color=#FFD500>4<color=#FFf600>%n%B<color=#FF0000>%A</size>",
      "color": [
        1.0,
        0.0,
        0.0,
        1.0
      ],
      "fade": true
    },
    {
      "threshold": 103,
      "text": "<size=125%><color=#ffa00f>3<color=#FFf600>%n%B<color=#FF0000>%A</size>",
      "color": [
        1.0,
        0.0,
        0.0,
        1.0
      ],
      "fade": true
    },
    {
      "threshold": 102,
      "text": "<size=125%><color=#ff6b1e>2<color=#FFf600>%n%B<color=#FF0000>%A</size>",
      "color": [
        1.0,
        0.0,
        0.0,
        1.0
      ],
      "fade": true
    },
    {
      "threshold": 101,
      "text": "<size=125%><color=#ff352d>1<color=#FFf600>%n%B<color=#FF0000>%A</size>",
      "color": [
        1.0,
        0.0,
        0.0,
        1.0
      ],
      "fade": true
    },
    {
      "threshold": 100,
      "text": "<size=100%><color=#FF003C>0<color=#FFf600>%n%B<color=#FF0000>%A</size>",
      "color": [
        1.0,
        0.0,
        0.0,
        1.0
      ],
      "fade": true
    },
    {
      "threshold": 0,
      "text": "<size=100%>%s%n%B%A</size>",
      "color": [
        0.164705882353,
        0.078431372549,
        0.439215686275,
        1.0
      ],
      "fade": true
    }
  ],
  "beforeCutAngleJudgments": [
    {
      "threshold": 70,
      "text": ""
    },
    {
      "threshold": 65,
      "text": "<color=#ff7819>_"
    },
    {
      "threshold": 60,
      "text": "<color=#ff8c13>_<color=#ff7819>_"
    },
    {
      "threshold": 0,
      "text": "<color=#ffa00f>_<color=#ff8c13>_<color=#ff7819>_"
    }
  ],
  "accuracyJudgments": [
    {
      "threshold": 15,
      "text": ""
    },
    {
      "threshold": 0,
      "text": ""
    }
  ],
  "afterCutAngleJudgments": [
    {
      "threshold": 30,
      "text": ""
    },
    {
      "threshold": 28,
      "text": "<color=#ff5025>_"
    },
    {
      "threshold": 24,
      "text": "<color=#ff5025>_<color=#ff2830>_"
    },
    {
      "threshold": 0,
      "text": "<color=#ff5025>_<color=#ff2830>_<color=#ff003cA>_"
    }
  ]
}