{
  "majorVersion": 3,
  "minorVersion": 3,
  "patchVersion": 3,
  "isDefaultConfig": false,
  "displayMode": "format",
  "doIntermediateUpdates": true,
  "timeDependencyDecimalPrecision": 0,
  "timeDependencyDecimalOffset": 0,
  "judgments": [
    {
      "threshold": 115,
      "text": "<size=420%><color=#FFFFFF>1<color=#FFFFFF>1<color=#FFFFFF>5</size>",
      "color": [
	0.04313726,
	0.1843137,
	0.8980392,
        1.0
      ],
      "fade": false
    },
    {
      "threshold": 114,
      "text": "<size=380%><color=#f2f8f2>1<color=#e4f1e4>1<color=#c8e2c8>4</size>",
      "color": [
	0.04313726,
	0.1843137,
	0.8980392,
        1.0
      ],
      "fade": false
    },
    {
      "threshold": 113,
      "text": "<size=350%><color=#c8e2c8>1<color=#90c590>1<color=#59a859>3</size>",
      "color": [
	0.04313726,
	0.6196079,
	0.9333333,
        1.0
      ],
      "fade": false
    },
    {
      "threshold": 112,
      "text": "<size=300%><color=#90c590>1<color=#59a859>1<color=#3d9a3d>2</size>",
      "color": [
	0.04313726,
	0.6196079,
	0.9333333,
        1.0
      ],
      "fade": false
    },
    {
      "threshold": 111,
      "text": "<size=270%><color=#3d9a3d>1<color=#2f932f>1<color=#228B22>1</size>",
      "color": [
	0.8627451,
	0.03921569,
	0.4784314,
        1.0
      ],
      "fade": false
    },
    {
      "threshold": 110,
      "text": "<size=250%><color=#2f932f>1<color=#228B22>1<color=#228B22>0</size>",
      "color": [
	0.133333333333,
	0.545098039216,
	0.133333333333,
        1.0
      ],
      "fade": false
    },
    {
      "threshold": 100,
      "text": "<size=200%>%s</size>%n%n%B %C %A",
      "color": [
	0.0666666666667,
	0.364705882353,
	0.2,
        1.0
      ],
      "fade": true
    },
    {
      "threshold": 0,
      "text": "<size=150%>%s</size>%n%n%B %C %A",
      "color": [
	0.1,
	0.1,
	0.1,
        1.0
      ],
      "fade": true
    }
  ],
  "beforeCutAngleJudgments": [
    {
      "threshold": 70,
      "text": " "
    },
    {
      "threshold": 0,
      "text": "<color=#18191A>"
    }
  ],
  "afterCutAngleJudgments": [
    {
      "threshold": 30,
      "text": " "
    },
    {
      "threshold": 0,
      "text": "<color=#18191A>"
    }
  ]
}