{
  "majorVersion": 3,
  "minorVersion": 3,
  "patchVersion": 3,
  "isDefaultConfig": false,
  "displayMode": "format",
  "doIntermediateUpdates": true,
  "timeDependencyDecimalPrecision": 0,
  "timeDependencyDecimalOffset": 0,
  "judgments": [
    {
      "threshold": 115,
      "text": "<size=250%><color=#175ACE>1<color=#CE17A7>1<color=#F5F514>5</size>",
      "color": [
	0.04313726,
	0.1843137,
	0.8980392,
        1.0
      ],
      "fade": false
    },
    {
      "threshold": 113,
      "text": "<size=200%>%s</size>%n%n%B %C %A",
      "color": [
	0.04313726,
	0.6196079,
	0.9333333,
        1.0
      ],
      "fade": false
    },
    {
      "threshold": 111,
      "text": "<size=180%>%s</size>%n%n%B %C %A",
      "color": [
	0.8627451,
	0.03921569,
	0.4784314,
        1.0
      ],
      "fade": false
    },
    {
      "threshold": 100,
      "text": "<size=150%>%s</size>%n%n%B %C %A",
      "color": [
	0.04705882,
	0.01960784,
	0.3137255,
        1.0
      ],
      "fade": false
    },
    {
      "threshold": 90,
      "text": "<size=120%>%s</size>%n%n%B %C %A",
      "color": [
        1.0,
        0.0,
        0.0,
        1.0
      ],
      "fade": false
    },
    {
      "threshold": 70,
      "text": "<size=100%>SMH</size>%n%n%B %C %A",
      "color": [
	0.4156863,
	0.01960784,
	0.01960784,
        1.0
      ],
      "fade": false
    },
    {
      "threshold": 0,
      "text": "<size=100%>RESTART YOU SUCK</size>%n%n%B %C %A",
      "color": [
	0.2588235,
	0.01176471,
	0.01176471,
        1.0
      ],
      "fade": false
    }
  ],
  "beforeCutAngleJudgments": [
    {
      "threshold": 70,
      "text": " "
    },
    {
      "threshold": 0,
      "text": "<color=#18191A>"
    }
  ],
  "afterCutAngleJudgments": [
    {
      "threshold": 30,
      "text": " "
    },
    {
      "threshold": 0,
      "text": "<color=#18191A>"
    }
  ]
}