{
  "majorVersion": 3,
  "minorVersion": 3,
  "patchVersion": 3,
  "isDefaultConfig": false,
  "displayMode": "format",
  "doIntermediateUpdates": true,
  "timeDependencyDecimalPrecision": 1,
  "timeDependencyDecimalOffset": 2,
  "judgments": [
    {
      "threshold": 115,
      "text": "<size=400%><color=#FFFFFF>1<color=#ff17bd>5</size>",
      "color": [
        1.0,
        1.0,
        1.0,
        1.0
      ],
      "fade": false
    },
    {
      "threshold": 114,
      "text": "<size=250%>%B14</size>",
      "color": [
        1.0,
        1.0,
        1.0,
        1.0
      ],
      "fade": false
    },
    {
      "threshold": 113,
      "text": "<size=240%>%B13</size>",
      "color": [
        0.4,
        0.1,
        1.0,
        1.0
      ],
      "fade": false
    },
    {
      "threshold": 112,
      "text": "<size=230%>%B12</size>",
      "color": [
        0.4,
        0.1,
        1.0,
        1.0
      ],
      "fade": true
    },
    {
      "threshold": 111,
      "text": "<size=220%>%B11</size>",
      "color": [
        0.4,
        0.1,
        1.0,
        1.0
      ],
      "fade": true
    },
    {
      "threshold": 110,
      "text": "<size=210%>%B10</size>",
      "color": [
        0.4,
        0.1,
        1.0,
        1.0
      ],
      "fade": true
    },
    {
      "threshold": 109,
      "text": "<size=150%>%B109</size>",
      "color": [
        0.0,
        1.0,
	0.0,
        1.0
      ],
      "fade": true
    },
    {
      "threshold": 108,
      "text": "<size=150%>%B108</size>",
      "color": [
        0.0,
        1.0,
	0.0,
        1.0
      ],
      "fade": true
    },
    {
      "threshold": 107,
      "text": "<size=150%>%B107</size>",
      "color": [
        0.0,
        1.0,
	0.0,
        1.0
      ],
      "fade": true
    },
    {
      "threshold": 106,
      "text": "<size=150%>%B106</size>",
      "color": [
        0.0,
        1.0,
        0.0,
        1.0
      ],
      "fade": true
    },
    {
      "threshold": 105,
      "text": "<size=150%>%B105</size>",
      "color": [
        0.0,
        1.0,
        0.0,
        1.0
      ],
      "fade": true
    },
    {
      "threshold": 104,
      "text": "<size=150%>%B104</size>",
      "color": [
        0.0,
        1.0,
        0.0,
        1.0
      ],
      "fade": true
    },
    {
      "threshold": 103,
      "text": "<size=150%>%B103</size>",
      "color": [
        0.0,
        1.0,
	0.0,
        1.0
      ],
      "fade": true
    },
    {
      "threshold": 102,
      "text": "<size=150%>%B102</size>",
      "color": [
        0.0,
        1.0,
	0.0,
        1.0
      ],
      "fade": true
    },
    {
      "threshold": 101,
      "text": "<size=150%>%B101</size>",
      "color": [
        0.0,
        1.0,
	0.0,
        1.0
      ],
      "fade": true
    },
    {
      "threshold": 100,
      "text": "<size=150%>%B100</size>",
      "color": [
        1.0,
        0.0,
        0.0,
        1.0
      ],
      "fade": true
    },
    {
      "threshold": 90,
      "text": "<size=100%>%s</size>%n",
      "color": [
        1.0,
        0.5,
        0.0,
        1.0
      ],
      "fade": true
    },
    {
      "threshold": 50,
      "text": "<size=100%>%s</size>%n",
      "color": [
        1.0,
        0.0,
        0.0,
        1.0
      ],
      "fade": true
    },
    {
      "threshold": 30,
      "text": "<size=300%>%BBAD%A</size>%n%s",
      "color": [
        1.0,
        0.0,
        0.0,
        1.0
      ],
      "fade": true
    },
    {
      "threshold": 0,
      "text": "<size=300%>%BRESTART%A</size>%n%s",
      "color": [
        1.0,
        0.0,
        0.0,
        1.0
      ],
      "fade": true
    }
  ],
 "beforeCutAngleJudgments": [	
  	{
      "threshold": 70,
      "text": " "
    },
    {
      "threshold": 1,
      "text": " < "
    },
    {
      "text": ""
    }
  ],
  "accuracyJudgments": [
    {
      "threshold": 15,
      "text": "+++++"
    },
    {
      "threshold": 0,
      "text": ""
    }
  ],
  "afterCutAngleJudgments": [	
	{
      "threshold": 30,
      "text": " "
    },
    {
     "threshold": 1,
      "text": " > "
    },
    {
      "text": " "
    }
  ]
}