{
  "majorVersion": 3,
  "minorVersion": 2,
  "patchVersion": 0,
  "isDefaultConfig": false,
  "displayMode": "format",
  "doIntermediateUpdates": true,
  "timeDependencyDecimalPrecision": 1,
  "timeDependencyDecimalOffset": 2,
  "judgments": [
    {
      "threshold": 115,
      "text": "<size=115%>%s</size>%n%n%B %C %A",
      "color": [
        1.0,
        1.0,
        1.0,
        1.0
      ],
      "fade": false
    },
    {
      "threshold": 114,
      "text": "<size=115%><color=#dcc0ef>1<color=#b880df>1<color=#9540cf>4</size></size>%n%n%B %C %A",
      "color": [
        0.5,
        0.0,
        0.85,
        1.0
      ],
      "fade": false
    },
    {
      "threshold": 113,
      "text": "<size=115%><color=#7100bf>1<color=#7100bf>1<color=#7100bf>3</size></size>%n%n%B %C %A",
      "color": [
        0.5,
        0.0,
        0.85,
        1.0
      ],
      "fade": false
    },
    {
      "threshold": 112,
      "text": "<size=115%><color=#7100bf>1<color=#5538c8>1<color=#3871d0>2</size></size>%n%n%B %C %A",
      "color": [
        0.5,
        0.0,
        0.85,
        1.0
      ],
      "fade": false
    },
    {
      "threshold": 111,
      "text": "<size=115%><color=#3871d0>1<color=#1ca9d9>1<color=#00e1e1>1</size></size>%n%n%B %C %A",
      "color": [
        0.5,
        0.0,
        0.85,
        1.0
      ],
      "fade": false
    },
    {
      "threshold": 110,
      "text": "<size=115%>%s</size>%n%n%B %C %A",
      "color": [
        0.0,
        1.0,
        1.0,
        1.0
      ],
      "fade": false
    },
    {
      "threshold": 109,
      "text": "<size=115%><color=#00FFFF>1<color=#00f8dc>0<color=#00f0b8>9</size></size>%n%n%B %C %A",
      "color": [
        0.5,
        0.0,
        0.85,
        1.0
      ],
      "fade": false
    },
    {
      "threshold": 108,
      "text": "<size=115%><color=#00f0b8>1<color=#00e171>0<color=#00e171>8</size></size>%n%n%B %C %A",
      "color": [
        0.5,
        0.0,
        0.85,
        1.0
      ],
      "fade": false
    },
    {
      "threshold": 107,
      "text": "<size=115%><color=#00e171>1<color=#00e138>0<color=#00e11c>7</size></size>%n%n%B %C %A",
      "color": [
        0.5,
        0.0,
        0.85,
        1.0
      ],
      "fade": false
    },
    {
      "threshold": 106,
      "text": "<size=115%><color=#00e11c>1<color=#00e11c>0<color=#00FF00>6</size></size>%n%n%B %C %A",
      "color": [
        0.5,
        0.0,
        0.85,
        1.0
      ],
      "fade": false
    },
    {
      "threshold": 105,
      "text": "<size=115%>%s</size>%n%n%B %C %A",
      "color": [
        0.0,
        1.0,
        0.0,
        1.0
      ],
      "fade": false
    },
    {
      "threshold": 104,
      "text": "<size=115%><color=#00FF00>1<color=#1ce100>0<color=#1ce100>4</size></size>%n%n%B %C %A",
      "color": [
        0.5,
        0.0,
        0.85,
        1.0
      ],
      "fade": false
    },
    {
      "threshold": 103,
      "text": "<size=115%><color=#1ce100>1<color=#38e000>0<color=#70df00>3</size></size>%n%n%B %C %A",
      "color": [
        0.5,
        0.0,
        0.85,
        1.0
      ],
      "fade": false
    },
    {
      "threshold": 102,
      "text": "<size=115%><color=#70df00>1<color=#a9de00>0<color=#c5de00>2</size></size>%n%n%B %C %A",
      "color": [
        0.5,
        0.0,
        0.85,
        1.0
      ],
      "fade": false
    },
    {
      "threshold": 101,
      "text": "<size=115%><color=#c5de00>1<color=#c5de00>0<color=#e1dd00>1</size></size>%n%n%B %C %A",
      "color": [
        0.5,
        0.0,
        0.85,
        1.0
      ],
      "fade": false
    },
    {
      "threshold": 100,
      "text": "<size=115%>%s</size>%n%n%B %C %A",
      "color": [
        1.0,
        0.980392158,
        0.0,
        1.0
      ],
      "fade": false
    },
    {
      "threshold": 80,
      "text": "<size=115%>%s</size>%n%n%B %C %A",
      "color": [
        1.0,
        0.4,
        0.0,
        1.0
      ],
      "fade": true
    },
    {
      "threshold": 50,
      "text": "<size=115%>%s</size>%n%n%B %C %A",
      "color": [
        0.3,
        0.0,
        0.0,
        1.0
      ],
      "fade": true
    },
    {
      "threshold": 0,
      "text": "<size=115%>%nWHAT THE FUCK</size><size=115%>%n%T</size>",
      "color": [
        0.1,
        0.0,
        0.0,
        1.0
      ],
      "fade": true
    }
  ],
  "beforeCutAngleJudgments": [
    {
      "threshold": 71,
      "text": ""
    },
    {
      "threshold": 70,
      "text": ""
    },
    {
      "threshold": 0,
      "text": ""
    }
  ],
  "accuracyJudgments": [
    {
      "threshold": 0,
      "text": " "
    }
  ],
  "afterCutAngleJudgments": [
    {
      "threshold": 31,
      "text": ""
    },
    {
      "threshold": 30,
      "text": " "
    },
    {
      "threshold": 0,
      "text": ""
    }
  ]
}