{
  "majorVersion": 3,
  "minorVersion": 3,
  "patchVersion": 3,
  "isDefaultConfig": false,
  "displayMode": "format",
  "doIntermediateUpdates": true,
  "timeDependencyDecimalPrecision": 0,
  "timeDependencyDecimalOffset": 0,
  "judgments": [
    {
      "threshold": 115,
      "text": "<size=450%><color=#04c70a>1<color=#E6E6E6>1<color=#f58700>5</size>",
      "color": [
	0.04313726,
	0.1843137,
	0.8980392,
        1.0
      ],
      "fade": false
    },
    {
      "threshold": 114,
      "text": "<size=400%><color=#FFFFFF>1<color=#c1f1c2>1<color=#82e385>4</size>",
      "color": [
	0.04313726,
	0.1843137,
	0.8980392,
        1.0
      ],
      "fade": false
    },
    {
      "threshold": 113,
      "text": "<size=375%><color=#82e385>1<color=#43d547>1<color=#40b707>3</size>",
      "color": [
	0.04313726,
	0.6196079,
	0.9333333,
        1.0
      ],
      "fade": false
    },
    {
      "threshold": 112,
      "text": "<size=325%><color=#40b707>1<color=#40b707>1<color=#7ca705>2</size>",
      "color": [
	0.04313726,
	0.6196079,
	0.9333333,
        1.0
      ],
      "fade": false
    },
    {
      "threshold": 111,
      "text": "<size=300%><color=#7ca705>1<color=#9b9f03>1<color=#b99702>1</size>",
      "color": [
	0.8627451,
	0.03921569,
	0.4784314,
        1.0
      ],
      "fade": false
    },
    {
      "threshold": 110,
      "text": "<size=275%><color=#b99702>1<color=#f58700>1<color=#f58700>0</size>",
      "color": [
	1.0,
	0.5,
	0.0,
        1.0
      ],
      "fade": false
    },
    {
      "threshold": 106,
      "text": "<size=200%>%s</size>",
      "color": [
	1,
	0.9764706,
	0.3333333,
        1.0
      ],
      "fade": true
    },
    {
      "threshold": 90,
      "text": "<size=200%>%s</size>",
      "color": [
        1.0,
        0.0,
        0.0,
        1.0
      ],
      "fade": true
    },
    {
      "threshold": 70,
      "text": "<size=150%>%s</size>",
      "color": [
	0.4156863,
	0.01960784,
	0.01960784,
        1.0
      ],
      "fade": false
    },
    {
      "threshold": 0,
      "text": "<size=150%>%s</size>",
      "color": [
	0.2588235,
	0.01176471,
	0.01176471,
        1.0
      ],
      "fade": false
    }
  ],
  "beforeCutAngleJudgments": [
    {
      "threshold": 70,
      "text": " "
    },
    {
      "threshold": 0,
      "text": "<color=#18191A>"
    }
  ],
  "afterCutAngleJudgments": [
    {
      "threshold": 30,
      "text": " "
    },
    {
      "threshold": 0,
      "text": "<color=#18191A>"
    }
  ]
}