{
  "majorVersion": 3,
  "minorVersion": 3,
  "patchVersion": 2,
  "isDefaultConfig": false,
  "displayMode": "format",
  "doIntermediateUpdates": true,
  "timeDependencyDecimalPrecision": 0,
  "timeDependencyDecimalOffset": 0,
  "judgments": [
    {
      "threshold": 116,
      "text": "<size=110%>%s</size>%n",
      "color": [
        1.0,
        1.0,
        1.0,
        1.0
      ],
      "fade": false
    },
    {
      "threshold": 114,
      "text": "<size=110%>%s</size>%n",
      "color": [
        1.0,
        0.0,
        1.0,
        1.0
      ],
      "fade": false
    },
    {
      "threshold": 113,
      "text": "<size=110%><color=#e100e1>1<color=#ba28e1>1<color=#9351e1>3</size>",
      "color": [
	0.3058824,
	0.7215686,
	1,
        1.0
      ],
      "fade": false
    },    
    {
      "threshold": 112,
      "text": "<size=110%><color=#9351e1>1<color=#6c79e1>1<color=#45a2e1>2</size>",
      "color": [
	0.3058824,
	0.7215686,
	1,
        1.0
      ],
      "fade": false
    },
    {
      "threshold": 111,
      "text": "<size=110%>%s</size>%n",
      "color": [
	0.3058824,
	0.7215686,
	1,
        1.0
      ],
      "fade": false
    },
    {
      "threshold": 110,
      "text": "<size=110%><color=#45a2e1>1<color=#34b2a9>1<color=#22c270>0</size>",
      "color": [
	0.3058824,
	0.7215686,
	1,
        1.0
      ],
      "fade": false
    },
    {
      "threshold": 109,
      "text": "<size=110%><color=#22c270>1<color=#11d238>0<color=#00e100>9</size>",
      "color": [
	0.3058824,
	0.7215686,
	1,
        1.0
      ],
      "fade": false
    },
    {
      "threshold": 108,
      "text": "<size=110%>%s</size>%n",
      "color": [
        0.0,
        1.0,
        0.0,
        1.0
      ],
      "fade": false
    },
    {
      "threshold": 107,
      "text": "<size=110%><color=#00FF00>1<color=#00FF00>0<color=#38e100>7</size>",
      "color": [
	0.3058824,
	0.7215686,
	1,
        1.0
      ],
      "fade": false
    },
    {
      "threshold": 106,
      "text": "<size=110%><color=#00FF00>1<color=#38e100>0<color=#38e100>6</size>",
      "color": [
	0.3058824,
	0.7215686,
	1,
        1.0
      ],
      "fade": false
    },
    {
      "threshold": 105,
      "text": "<size=110%><color=#38e100>1<color=#38e100>0<color=#70e100>5</size>",
      "color": [
	0.3058824,
	0.7215686,
	1,
        1.0
      ],
      "fade": false
    },
    {
      "threshold": 104,
      "text": "<size=110%><color=#38e100>1<color=#70e100>0<color=#a9e100>4</size>",
      "color": [
	0.3058824,
	0.7215686,
	1,
        1.0
      ],
      "fade": false
    },
    {
      "threshold": 103,
      "text": "<size=110%><color=#70e100>1<color=#a9e100>0<color=#a9e100>3</size>",
      "color": [
	0.3058824,
	0.7215686,
	1,
        1.0
      ],
      "fade": false
    },
    {
      "threshold": 102,
      "text": "<size=110%><color=#a9e100>1<color=#a9e100>0<color=#FFFF00>2</size>",
      "color": [
	0.3058824,
	0.7215686,
	1,
        1.0
      ],
      "fade": false
    },
    {
      "threshold": 101,
      "text": "<size=110%><color=#a9e100>1<color=#FFFF00>0<color=#FFFF00>1</size>",
      "color": [
	0.3058824,
	0.7215686,
	1,
        1.0
      ],
      "fade": false
    },
    {
      "threshold": 100,
      "text": "<size=110%>%s</size>%n",
      "color": [
        1.0,
        1.0,
        0.0,
        1.0
      ],
      "fade": false
    },
    {
      "threshold": 1,
      "text": "<size=110%>%s</size>%n",
      "color": [
        1.0,
        0.0,
        0.0,
        1.0
      ],
      "fade": true
    },
    {
      "threshold": 0,
      "text": "<size=200%>AWFUL</size>%n%s%n%B %C %A",
      "color": [
        0.5,
        0.0,
        0.0,
        1.0
      ],
      "fade": true
    }
  ]
}