{
  "majorVersion": 3,
  "minorVersion": 3,
  "patchVersion": 3,
  "isDefaultConfig": false,
  "displayMode": "format",
  "doIntermediateUpdates": true,
  "timeDependencyDecimalPrecision": 1,
  "timeDependencyDecimalOffset": 2,
  "judgments": [
    {
      "threshold": 115,
      "text": "<size=500%>%B15</size>",
      "color": [
        1.0,
        1.0,
        1.0,
        1.0
      ],
      "fade": false
    },
    {
      "threshold": 114,
      "text": "<size=400%><color=#FFFFFF>1<color=#FF00FF>4</size>",
      "color": [
        1.0,
        0.0,
        1.0,
        1.0
      ],
      "fade": false
    },
    {
      "threshold": 113,
      "text": "<size=400%>%B13</size>",
      "color": [
        1.0,
        0.0,
        1.0,
        1.0
      ],
      "fade": false
    },
    {
      "threshold": 112,
      "text": "<size=350%><color=#FF00FF>1<color=#00FFFF>2</size>",
      "color": [
        0.0,
        1.0,
        1.0,
        1.0
      ],
      "fade": true
    },
    {
      "threshold": 111,
      "text": "<size=350%>%B11</size>",
      "color": [
        0.0,
        1.0,
        1.0,
        1.0
      ],
      "fade": true
    },
    {
      "threshold": 110,
      "text": "<size=350%>%B10</size>",
      "color": [
        0.0,
        1.0,
        1.0,
        1.0
      ],
      "fade": true
    },
    {
      "threshold": 109,
      "text": "<size=300%><color=#00FFFF>0<color=#0000FF>9</size>",
      "color": [
        0.0,
        0.0,
	1.0,
        1.0
      ],
      "fade": true
    },
    {
      "threshold": 108,
      "text": "<size=300%>%B08</size>",
      "color": [
        0.0,
        0.0,
	1.0,
        1.0
      ],
      "fade": true
    },
    {
      "threshold": 107,
      "text": "<size=300%>%B07</size>",
      "color": [
        0.0,
        0.0,
	1.0,
        1.0
      ],
      "fade": true
    },
    {
      "threshold": 106,
      "text": "<size=250%><color=#0000FF>0<color=#00FF00>6</size>",
      "color": [
        0.0,
        1.0,
        0.0,
        1.0
      ],
      "fade": true
    },
    {
      "threshold": 105,
      "text": "<size=250%>%B05</size>",
      "color": [
        0.0,
        1.0,
        0.0,
        1.0
      ],
      "fade": true
    },
    {
      "threshold": 104,
      "text": "<size=250%>%B04</size>",
      "color": [
        0.0,
        1.0,
        0.0,
        1.0
      ],
      "fade": true
    },
    {
      "threshold": 103,
      "text": "<size=200%><color=#00FF00>0<color=#FF4C00>3</size>",
      "color": [
        1.0,
	0.3,
	0.0,
        1.0
      ],
      "fade": true
    },
    {
      "threshold": 102,
      "text": "<size=200%>%B02</size>",
      "color": [
        1.0,
	0.3,
	0.0,
        1.0
      ],
      "fade": true
    },
    {
      "threshold": 101,
      "text": "<size=200%>%B01</size>",
      "color": [
        1.0,
	0.3,
	0.0,
        1.0
      ],
      "fade": true
    },
    {
      "threshold": 100,
      "text": "<size=200%><color=#FF4C00>0<color=#FF0000>0</size>",
      "color": [
        1.0,
        0.0,
        0.0,
        1.0
      ],
      "fade": true
    },
    {
      "threshold": 0,
      "text": "<size=100%>%BSkill Issue%A</size>%n%s",
      "color": [
        1.0,
        0.0,
        0.0,
        1.0
      ],
      "fade": true
    }
  ],
 "beforeCutAngleJudgments": [	
  	{
      "threshold": 70,
      "text": " "
    },
    {
      "threshold": 1,
      "text": " < "
    },
    {
      "text": ""
    }
  ],
  "accuracyJudgments": [
    {
      "threshold": 15,
      "text": "+++++"
    },
    {
      "threshold": 0,
      "text": ""
    }
  ],
  "afterCutAngleJudgments": [	
	{
      "threshold": 30,
      "text": " "
    },
    {
     "threshold": 1,
      "text": " > "
    },
    {
      "text": " "
    }
  ]
}