{
  "majorVersion": 3,
  "minorVersion": 3,
  "patchVersion": 3,
  "isDefaultConfig": false,
  "displayMode": "format",
  "doIntermediateUpdates": true,
  "timeDependencyDecimalPrecision": 1,
  "timeDependencyDecimalOffset": 2,
  "judgments": [
    {
      "threshold": 115,
      "text": "<size=600%>%B115</size>",
      "color": [
        1.0,
        1.0,
        1.0,
        1.0
      ],
      "fade": false
    },
    {
      "threshold": 114,
      "text": "<size=350%>%B114</size>",
      "color": [
        1.0,
        0.0,
        1.0,
        1.0
      ],
      "fade": false
    },
    {
      "threshold": 113,
      "text": "<size=350%>%B113</size>",
      "color": [
        1.0,
        0.0,
        1.0,
        1.0
      ],
      "fade": false
    },
    {
      "threshold": 112,
      "text": "<size=300%>%B112</size>",
      "color": [
        0.0,
        1.0,
        1.0,
        1.0
      ],
      "fade": true
    },
    {
      "threshold": 111,
      "text": "<size=300%>%B111</size>",
      "color": [
        0.0,
        1.0,
        1.0,
        1.0
      ],
      "fade": true
    },
    {
      "threshold": 110,
      "text": "<size=300%>%B110</size>",
      "color": [
        0.0,
        1.0,
        1.0,
        1.0
      ],
      "fade": true
    },
    {
      "threshold": 109,
      "text": "<size=250%>%B109</size>",
      "color": [
        0.0,
        0.0,
	1.0,
        1.0
      ],
      "fade": true
    },
    {
      "threshold": 108,
      "text": "<size=250%>%B108</size>",
      "color": [
        0.0,
        0.0,
	1.0,
        1.0
      ],
      "fade": true
    },
    {
      "threshold": 107,
      "text": "<size=250%>%B107</size>",
      "color": [
        0.0,
        0.0,
	1.0,
        1.0
      ],
      "fade": true
    },
    {
      "threshold": 106,
      "text": "<size=225%>%B106</size>",
      "color": [
        0.0,
        1.0,
        0.0,
        1.0
      ],
      "fade": true
    },
    {
      "threshold": 105,
      "text": "<size=225%>%B105</size>",
      "color": [
        0.0,
        1.0,
        0.0,
        1.0
      ],
      "fade": true
    },
    {
      "threshold": 104,
      "text": "<size=225%>%B104</size>",
      "color": [
        0.0,
        1.0,
        0.0,
        1.0
      ],
      "fade": true
    },
    {
      "threshold": 103,
      "text": "<size=200%>%B103</size>",
      "color": [
        1.0,
	0.3,
	0.0,
        1.0
      ],
      "fade": true
    },
    {
      "threshold": 102,
      "text": "<size=200%>%B102</size>",
      "color": [
        1.0,
	0.3,
	0.0,
        1.0
      ],
      "fade": true
    },
    {
      "threshold": 101,
      "text": "<size=200%>%B101</size>",
      "color": [
        1.0,
	0.3,
	0.0,
        1.0
      ],
      "fade": true
    },
    {
      "threshold": 100,
      "text": "<size=200%>%B0</size>",
      "color": [
        1.0,
        0.0,
        0.0,
        1.0
      ],
      "fade": true
    },
    {
      "threshold": 0,
      "text": "<size=100%>%BSkill Issue%A</size>%n%s",
      "color": [
        1.0,
        0.0,
        0.0,
        1.0
      ],
      "fade": true
    }
  ],
 "beforeCutAngleJudgments": [	
  	{
      "threshold": 70,
      "text": " "
    },
    {
      "threshold": 1,
      "text": " "
    },
    {
      "text": ""
    }
  ],
  "accuracyJudgments": [
    {
      "threshold": 15,
      "text": "+++++"
    },
    {
      "threshold": 0,
      "text": ""
    }
  ],
  "afterCutAngleJudgments": [	
	{
      "threshold": 30,
      "text": " "
    },
    {
     "threshold": 1,
      "text": " "
    },
    {
      "text": " "
    }
  ]
}