{
  "majorVersion": 3,
  "minorVersion": 3,
  "patchVersion": 3,
  "isDefaultConfig": false,
  "displayMode": "format",
  "doIntermediateUpdates": true,
  "timeDependencyDecimalPrecision": 0,
  "timeDependencyDecimalOffset": 0,
  "judgments": [
    {
      "threshold": 115,
      "text": "<size=150%><color=#F2E9D3>1<color=#418DDE>1<color=#1FD732>5</size>",
      "color": [
	0.04313726,
	0.1843137,
	0.8980392,
        1.0
      ],
      "fade": false
    },
    {
      "threshold": 114,
      "text": "<size=100%><color=#C5D2D6>1<color=#99bbd9>1<color=#6da4db>4</size>",
      "color": [
	0.04313726,
	0.1843137,
	0.8980392,
        1.0
      ],
      "fade": false
    },
    {
      "threshold": 113,
      "text": "<size=100%><color=#6da4db>1<color=#5799dc>1<color=#418DDE>3</size>",
      "color": [
	0.04313726,
	0.6196079,
	0.9333333,
        1.0
      ],
      "fade": false
    },
    {
      "threshold": 112,
      "text": "<size=100%><color=#bde5ab>1<color=#88e083>1<color=#54dc5a>2</size>",
      "color": [
	0.04313726,
	0.6196079,
	0.9333333,
        1.0
      ],
      "fade": false
    },
    {
      "threshold": 111,
      "text": "<size=100%><color=#54dc5a>1<color=#3ada46>1<color=#1FD732>1</size>",
      "color": [
	0.8627451,
	0.03921569,
	0.4784314,
        1.0
      ],
      "fade": false
    },
    {
      "threshold": 110,
      "text": "<size=100%><color=#DED641>1<color=#DED641>1<color=#DED641>0</size>",
      "color": [
	0.04313726,
	0.6196079,
	0.9333333,
        1.0
      ],
      "fade": false
    },
    {
      "threshold": 105,
      "text": "<size=100%>%s</size>%n%n%B %C %A",
      "color": [
	0.8705882,
	0.8392157,
	0.254902,
        1.0
      ],
      "fade": false
    },
    {
      "threshold": 100,
      "text": "<size=100%>%s</size>%n%n%B %C %A",
      "color": [
	1.0,
	0.1,
	0.2,
        1.0
      ],
      "fade": false
    },
    {
      "threshold": 90,
      "text": "<size=100%>%s</size>%n%n%B %C %A",
      "color": [
        1.0,
        0.1,
        0.2,
        1.0
      ],
      "fade": false
    },
    {
      "threshold": 70,
      "text": "<size=100%>lol</size>%n%n%B %C %A",
      "color": [
	0.4156863,
	0.01960784,
	0.01960784,
        1.0
      ],
      "fade": false
    },
    {
      "threshold": 0,
      "text": "<size=100%>sadge</size>%n%n%B %C %A",
      "color": [
	0.2588235,
	0.01176471,
	0.01176471,
        1.0
      ],
      "fade": false
    }
  ],
  "beforeCutAngleJudgments": [
    {
      "threshold": 70,
      "text": " "
    },
    {
      "threshold": 0,
      "text": "<color=#18191A>"
    }
  ],
  "afterCutAngleJudgments": [
    {
      "threshold": 30,
      "text": " "
    },
    {
      "threshold": 0,
      "text": "<color=#18191A>"
    }
  ]
}