{
  "majorVersion": 3,
  "minorVersion": 3,
  "patchVersion": 3,
  "isDefaultConfig": false,
  "displayMode": "format",
  "doIntermediateUpdates": true,
  "timeDependencyDecimalPrecision": 0,
  "timeDependencyDecimalOffset": 0,
  "judgments": [
    {
      "threshold": 115,
      "text": "<size=420%><color=#d6d6d6>1<color=#d6d6d6>1<color=#d6d6d6>5</size>",
      "color": [
	0.04313726,
	0.1843137,
	0.8980392,
        1.0
      ],
      "fade": false
    },
    {
      "threshold": 114,
      "text": "<size=380%><color=#d6d6d6>1<color=#b8d7e0>1<color=#9bd8ea>4</size>",
      "color": [
	0.04313726,
	0.1843137,
	0.8980392,
        1.0
      ],
      "fade": false
    },
    {
      "threshold": 113,
      "text": "<size=350%><color=#9bd8ea>1<color=#7ed9f5>1<color=#61daff>3</size>",
      "color": [
	0.04313726,
	0.6196079,
	0.9333333,
        1.0
      ],
      "fade": false
    },
    {
      "threshold": 112,
      "text": "<size=300%><color=#61daff>1<color=#57c0f9>1<color=#4da6f3>2</size>",
      "color": [
	0.04313726,
	0.6196079,
	0.9333333,
        1.0
      ],
      "fade": false
    },
    {
      "threshold": 111,
      "text": "<size=270%><color=#438dec>1<color=#3973e6>1<color=#2b5dd8>1</size>",
      "color": [
	0.8627451,
	0.03921569,
	0.4784314,
        1.0
      ],
      "fade": false
    },
    {
      "threshold": 110,
      "text": "<size=250%><color=#1c46cb>1<color=#0e30bd>1<color=#001ab0>0</size>",
      "color": [
	0,
	0.1098039,
	0.6901961,
        1.0
      ],
      "fade": false
    },
    {
      "threshold": 100,
      "text": "<size=200%>%s</size>%n%n%B %C %A",
      "color": [
	0.4313726,
	0.4588235,
	0.6117647,
        1.0
      ],
      "fade": true
    },
    {
      "threshold": 0,
      "text": "<size=150%>%s</size>%n%n%B %C %A",
      "color": [
	0.1372549,
	0.1411765,
	0.1568628,
        1.0
      ],
      "fade": true
    }
  ],
  "beforeCutAngleJudgments": [
    {
      "threshold": 70,
      "text": " "
    },
    {
      "threshold": 0,
      "text": "<color=#18191A>"
    }
  ],
  "afterCutAngleJudgments": [
    {
      "threshold": 30,
      "text": " "
    },
    {
      "threshold": 0,
      "text": "<color=#18191A>"
    }
  ]
}