{
  "majorVersion": 3,
  "minorVersion": 3,
  "patchVersion": 3,
  "isDefaultConfig": false,
  "displayMode": "format",
  "doIntermediateUpdates": true,
  "timeDependencyDecimalPrecision": 0,
  "timeDependencyDecimalOffset": 0,
  "judgments": [
    {
      "threshold": 115,
      "text": "<size=300%><color=#FFFFFF>1<color=#FFFFFF>1<color=#FFFFFF>5</size>",
      "color": [
	0.04313726,
	0.1843137,
	0.8980392,
        1.0
      ],
      "fade": false
    },
    {
      "threshold": 114,
      "text": "<size=300%><color=#f8c6db>1<color=#f08db6>1<color=#e95492>4</size>",
      "color": [
	0.04313726,
	0.1843137,
	0.8980392,
        1.0
      ],
      "fade": false
    },
    {
      "threshold": 113,
      "text": "<size=300%><color=#e95492>1<color=#E11B6D>1<color=#E11B6D>3</size>",
      "color": [
	0.04313726,
	0.6196079,
	0.9333333,
        1.0
      ],
      "fade": false
    },
    {
      "threshold": 112,
      "text": "<size=300%><color=#b7488f>1<color=#8c75b0>1<color=#62a1d2>2</size>",
      "color": [
	0.04313726,
	0.6196079,
	0.9333333,
        1.0
      ],
      "fade": false
    },
    {
      "threshold": 111,
      "text": "<size=250%><color=#62a1d2>1<color=#37cef3>1<color=#37d7ce>1</size>",
      "color": [
	0.8627451,
	0.03921569,
	0.4784314,
        1.0
      ],
      "fade": false
    },
    {
      "threshold": 110,
      "text": "<size=250%><color=#37d7ce>1<color=#37e0a8>1<color=#37F35D>0</size>",
      "color": [
	0.2156863,
	0.9529412,
	0.3647059,
        1.0
      ],
      "fade": false
    },
    {
      "threshold": 106,
      "text": "<size=200%>%s</size>%n%n%B %C %A",
      "color": [
	1,
	0.9764706,
	0.3333333,
        1.0
      ],
      "fade": true
    },
    {
      "threshold": 90,
      "text": "<size=200%>%s</size>%n%n%B %C %A",
      "color": [
        1.0,
        0.0,
        0.0,
        1.0
      ],
      "fade": true
    },
    {
      "threshold": 70,
      "text": "<size=150%>%s</size>%n%n%B %C %A",
      "color": [
	0.4156863,
	0.01960784,
	0.01960784,
        1.0
      ],
      "fade": false
    },
    {
      "threshold": 0,
      "text": "<size=150%>%s</size>%n%n%B %C %A",
      "color": [
	0.2588235,
	0.01176471,
	0.01176471,
        1.0
      ],
      "fade": false
    }
  ],
  "beforeCutAngleJudgments": [
    {
      "threshold": 70,
      "text": " "
    },
    {
      "threshold": 0,
      "text": "<color=#18191A>"
    }
  ],
  "afterCutAngleJudgments": [
    {
      "threshold": 30,
      "text": " "
    },
    {
      "threshold": 0,
      "text": "<color=#18191A>"
    }
  ]
}