{
  "majorVersion": 3,
  "minorVersion": 3,
  "patchVersion": 3,
  "isDefaultConfig": false,
  "displayMode": "format",
  "doIntermediateUpdates": true,
  "timeDependencyDecimalPrecision": 0,
  "timeDependencyDecimalOffset": 0,
  "judgments": [
    {
      "threshold": 115,
      "text": "<size=350%><color=#FFFFFF>1<color=#4AEA32>1<color=#003FD4>5</size>",
      "color": [
	0.04313726,
	0.1843137,
	0.8980392,
        1.0
      ],
      "fade": false
    },
    {
      "threshold": 113,
      "text": "<size=325%>%s</size>%n%n%B %C %A",
      "color": [
	1.0,
	1.0,
	1.0,
        1.0
      ],
      "fade": false
    },
    {
      "threshold": 111,
      "text": "<size=270%>%s</size>%n%n%B %C %A",
      "color": [
	0.2901961,
	0.9176471,
	0.1960784,
        1.0
      ],
      "fade": false
    },
    {
      "threshold": 108,
      "text": "<size=240%>%s</size>%n%n%B %C %A",
      "color": [
	0.0,
	0.2470588,
	0.8313726,
        1.0
      ],
      "fade": false
    },
    {
      "threshold": 100,
      "text": "<size=200%>%s</size>%n%n%B %C %A",
      "color": [
	1,
	0.9568627,
	0.1333333,
        1.0
      ],
      "fade": false
    },
    {
      "threshold": 90,
      "text": "<size=180%>%s</size>%n%n%B %C %A",
      "color": [
        1.0,
        0.0,
        0.0,
        1.0
      ],
      "fade": false
    },
    {
      "threshold": 70,
      "text": "<size=300%>SMH</size>%n%n%B %C %A",
      "color": [
	0.4156863,
	0.01960784,
	0.01960784,
        1.0
      ],
      "fade": false
    },
    {
      "threshold": 0,
      "text": "<size=300%>RESTART YOU SUCK</size>%n%n%B %C %A",
      "color": [
	0.2588235,
	0.01176471,
	0.01176471,
        1.0
      ],
      "fade": false
    }
  ],
  "beforeCutAngleJudgments": [
    {
      "threshold": 70,
      "text": " "
    },
    {
      "threshold": 0,
      "text": "<color=#18191A>"
    }
  ],
  "afterCutAngleJudgments": [
    {
      "threshold": 30,
      "text": " "
    },
    {
      "threshold": 0,
      "text": "<color=#18191A>"
    }
  ]
}