{
  "majorVersion": 3,
  "minorVersion": 3,
  "patchVersion": 3,
  "isDefaultConfig": false,
  "displayMode": "format",
  "doIntermediateUpdates": true,
  "timeDependencyDecimalPrecision": 0,
  "timeDependencyDecimalOffset": 0,
  "judgments": [
    {
      "threshold": 115,
      "text": "<size=250%><color=#0B9EEE>1<color=#CE17A7>1<color=#F5F514>5</size>",
      "color": [
	0.04313726,
	0.1843137,
	0.8980392,
        1.0
      ],
      "fade": false
    },
    {
      "threshold": 114,
      "text": "<size=225%><color=#0B9EEE>1<color=#0B9EEE>1<color=#0B9EEE>4</size>",
      "color": [
	0.04313726,
	0.1843137,
	0.8980392,
        1.0
      ],
      "fade": false
    },
    {
      "threshold": 113,
      "text": "<size=225%><color=#0B9EEE>1<color=#3b7cdc>1<color=#6c5bcb>3</size>",
      "color": [
	0.04313726,
	0.6196079,
	0.9333333,
        1.0
      ],
      "fade": false
    },
    {
      "threshold": 112,
      "text": "<size=200%><color=#6c5bcb>1<color=#9d39b9>1<color=#CE17A7>2</size>",
      "color": [
	0.04313726,
	0.6196079,
	0.9333333,
        1.0
      ],
      "fade": false
    },
    {
      "threshold": 111,
      "text": "<size=200%><color=#CE17A7>1<color=#CE17A7>1<color=#CE17A7>1</size>",
      "color": [
	0.8627451,
	0.03921569,
	0.4784314,
        1.0
      ],
      "fade": false
    },
    {
      "threshold": 110,
      "text": "<size=175%><color=#CE17A7>1<color=#9d1291>1<color=#6d0d7b>0</size>",
      "color": [
	0.427451,
	0.05098039,
	0.4823529,
        1.0
      ],
      "fade": false
    },
    {
      "threshold": 105,
      "text": "<size=150%>%s</size>%n",
      "color": [
	0.04705882,
	0.01960784,
	0.3137255,
        1.0
      ],
      "fade": true
    },
    {
      "threshold": 100,
      "text": "<size=150%>%s</size>%n",
      "color": [
	0.04705882,
	0.01960784,
	0.3137255,
        1.0
      ],
      "fade": false
    },
    {
      "threshold": 90,
      "text": "<size=120%>%s</size>%n",
      "color": [
        1.0,
        0.0,
        0.0,
        1.0
      ],
      "fade": false
    },
    {
      "threshold": 70,
      "text": "<size=100%>STOP!!</size>%n",
      "color": [
	0.4156863,
	0.01960784,
	0.01960784,
        1.0
      ],
      "fade": false
    },
    {
      "threshold": 0,
      "text": "<size=100%>YOU LET DENMARK WIN</size>%n",
      "color": [
	0.2588235,
	0.01176471,
	0.01176471,
        1.0
      ],
      "fade": false
    }
  ],
  "beforeCutAngleJudgments": [
    {
      "threshold": 70,
      "text": " "
    },
    {
      "threshold": 0,
      "text": "<color=#18191A>"
    }
  ],
  "afterCutAngleJudgments": [
    {
      "threshold": 30,
      "text": " "
    },
    {
      "threshold": 0,
      "text": "<color=#18191A>"
    }
  ]
}