{
  "majorVersion": 3,
  "minorVersion": 3,
  "patchVersion": 3,
  "isDefaultConfig": false,
  "displayMode": "format",
  "doIntermediateUpdates": true,
  "timeDependencyDecimalPrecision": 0,
  "timeDependencyDecimalOffset": 0,
  "judgments": [
    {
      "threshold": 115,
      "text": "<size=250%>%B😾%A</size><size=150%>%n%T</size>",
      "color": [
	1.0,
	1.0,
	1.0,
        1.0
      ],
      "fade": false
    },
    {
      "threshold": 114,
      "text": "<size=225%>%s</size>%n%n%B %C %A",
      "color": [
	1.0,
	0.1411765,
	0.627451,
        1.0
      ],
      "fade": false
    },
    {
      "threshold": 112,
      "text": "<size=200%>%s</size>%n%n%B %C %A",
      "color": [
        0.4,
        0.1,
        1.0,
        1.0
      ],
      "fade": false
    },
    {
      "threshold": 110,
      "text": "<size=200%>%s</size>%n%n%B %C %A",
      "color": [
        0.9,
        0.3,
        1.0,
        1.0
      ],
      "fade": false
    },
    {
      "threshold": 107,
      "text": "<size=200%>%s</size>%n%n%B %C %A",
      "color": [
        0.6,
        0.9,
        0.2,
        1.0
      ],
      "fade": false
    },
    {
      "threshold": 100,
      "text": "<size=200%>%s</size>%n%n%B %C %A",
      "color": [
        0.8,
        1.0,
        0.0,
        1.0
      ],
      "fade": false
    },
    {
      "threshold": 80,
      "text": "<size=150%>smh</size>%n%n%B %C %A",
      "color": [
        0.9,
        1.0,
        0.0,
        1.0
      ],
      "fade": false
    },
    {
      "threshold": 0,
      "text": "<size=200%>RESTORT</size>%n%n%B %C %A",
      "color": [
        1.0,
        0.0,
        0.0,
        1.0
      ],
      "fade": false
    }
  ],
  "beforeCutAngleJudgments": [
    {
      "threshold": 70,
      "text": " "
    },
    {
      "threshold": 0,
      "text": "_______________"
    }
  ]
}