{
  "majorVersion": 3,
  "minorVersion": 6,
  "patchVersion": 0,
  "isDefaultConfig": false,
  "displayMode": "format",
  "doIntermediateUpdates": true,
  "timeDependencyDecimalPrecision": 0,
  "timeDependencyDecimalOffset": 0,
  "judgments": [
    {
      "threshold": 115,
      "text": "<size=250%>✞</size>",
      "color": [
        1.0,
        1.0,
        1.0,
        1.0
      ],
      "fade": false
    },
    {
      "threshold": 114,
      "text": "<size=200%><color=#f7c2db>1<color=#ee85b7>4</size><size=80%>%n%d",
      "color": [
        1.0,
        1.0,
        1.0,
        1.0
      ],
      "fade": false
    },
    {
      "threshold": 113,
      "text": "<size=200%><color=#ee85b7>1<color=#e54792>3</size><size=80%>%n%d",
      "color": [
        0.4,
        0.0,
        1.0,
        1.0
      ],
      "fade": false
    },
    {
      "threshold": 112,
      "text": "<size=180%><color=#dc0a6e>1<color=#dc0a6e>2</size><size=80%>%n%d",
      "color": [
        0.4,
        0.0,
        1.0,
        1.0
      ],
      "fade": false
    },
    {
      "threshold": 111,
      "text": "<size=180%><color=#a53592>1<color=#6e60b7>1</size><size=80%>%n%d",
      "color": [
        0.4,
        0.0,
        1.0,
        1.0
      ],
      "fade": true
    },
    {
      "threshold": 110,
      "text": "<size=165%><color=#6e60b7>1<color=#378bdb>0</size><size=80%>%n%d",
      "color": [
        0.0,
        1.0,
        0.0,
        1.0
      ],
      "fade": false
    },
    {
      "threshold": 109,
      "text": "<size=150%><color=#00b5ff>9</size><size=80%>%n<color=#00b5ff>%d",
      "color": [
        0.0,
        1.0,
        0.0,
        1.0
      ],
      "fade": false
    },
    {
      "threshold": 108,
      "text": "<size=150%><color=#009cf4>8</size><size=80%>%n<color=#009cf4>%d",
      "color": [
        0.0,
        1.0,
        0.0,
        1.0
      ],
      "fade": false
    },
    {
      "threshold": 107,
      "text": "<size=150%><color=#0083e8>7</size><size=80%>%n<color=#0083e8>%d",
      "color": [
        0.0,
        1.0,
        0.0,
        1.0
      ],
      "fade": false
    },
    {
      "threshold": 106,
      "text": "<size=150%><color=#0071e0>6</size><size=80%>%n<color=#0071e0>%d",
      "color": [
        0.0,
        1.0,
        0.0,
        1.0
      ],
      "fade": false
    },
    {
      "threshold": 105,
      "text": "<size=135%><color=#0071e0>5</size><size=80%>%n<color=#0071e0>%d",
      "color": [
        1.0,
        0.980392158,
        0.0,
        1.0
      ],
      "fade": false
    },
    {
      "threshold": 104,
      "text": "<size=135%><color=#005ed9>4</size><size=80%>%n<color=#005ed9>%d",
      "color": [
        1.0,
        0.980392158,
        0.0,
        1.0
      ],
      "fade": false
    },
    {
      "threshold": 103,
      "text": "<size=135%><color=#005ed9>3</size><size=80%>%n<color=#005ed9>%d",
      "color": [
        1.0,
        0.980392158,
        0.0,
        1.0
      ],
      "fade": false
    },
    {
      "threshold": 102,
      "text": "<size=135%><color=#005ed9>2</size><size=80%>%n<color=#005ed9>%d",
      "color": [
        1.0,
        0.980392158,
        0.0,
        1.0
      ],
      "fade": false
    },
    {
      "threshold": 101,
      "text": "<size=135%><color=#004fd1>1</size><size=80%>%n<color=#004fd1>%d",
      "color": [
        1.0,
        0.980392158,
        0.0,
        1.0
      ],
      "fade": false
    },
    {
      "threshold": 100,
      "text": "<size=120%><color=#0040c9>0</size><size=80%>%n<color=#0040c9>%d",
      "color": [
        1.0,
        0.0,
        0.0,
        1.0
      ],
      "fade": false
    },
    {
      "threshold": 0,
      "text": "<size=100%>%s</size>",
      "color": [
        0.5,
        0.0,
        0.0,
        1.0
      ],
      "fade": true
    }
  ],
  "chainHeadJudgments":[
    { "threshold": 85, "text": "<size=180%><color=#FFFFFF>85</size>", "color": [1, 1, 1, 1] },
    { "threshold": 80, "text": "<size=160%>%s", "color": [0.9098039,0.772549,1, 1] },
    { "threshold": 75, "text": "<size=150%>%s", "color": [0.8196079,0.5490196,1, 1] },
    { "threshold": 65, "text": "<size=130%>%s", "color": [0.4117647,0.627451,1, 1] },
    { "threshold": 50, "text": "<size=120%>%s", "color": [0.2039216,0.6705883,1, 1] },
    { "threshold": 30, "text": "<size=110%>%s", "color": [0,0.4431373,0.8784314, 1] },
    { "threshold": 0, "text": "<size=100%><alpha=#88>%s", "color": [0,0.2509804,0.7882353, 1] }
  ],
  "chainLinkDisplay": {
    "text": "<alpha=#66>•",
    "color": [1, 1, 1, 1]
  },
  "beforeCutAngleJudgments": [
    {
      "threshold": 70,
      "text": ""
    },
    {
      "threshold": 0,
      "text": ""
    }
  ],
  "accuracyJudgments": [
    {
      "threshold": 15,
      "text": ""
    },
    {
      "threshold": 0,
      "text": ""
    }
  ],
  "afterCutAngleJudgments": [
    {
      "threshold": 30,
      "text": ""
    },
    {
      "threshold": 0,
      "text": ""
    }
  ],
  "randomizeBadCutDisplays": false,
  "badCutDisplays": [
	  { "text": "<size=200%><color=#FF0000>S<color=#FF8000>U<color=#FFFF00>P<color=#00FF00>E<color=#00FFF0>R<color=#0080FF> G<color=#0000FF>A<color=#8000FF>Y</size>", "type": "WrongDirection", "color": [1, 1, 1, 1] },
	  { "text": "<size=175%><color=#00b5ff>RET<color=#d18cff>ARD</size>", "type": "WrongColor", "color": [1, 0, 0, 1] },
	  { "text": "<size=150%><color=#0b9eee>K<color=#3b7cdc>a<color=#6c5bcb>x<color=#9d39b9>l<color=#CE17A7>e<color=#FFFFFF> is VERY disappointed</size>", "type": "Bomb", "color": [1, 1, 1, 1] }
  ],
  "randomizeMissDisplays": true,
  "missDisplays": [
	  { "text": "MISS", "color": [1, 0, 0, 1] },
	  { "text": "LOSER", "color": [1, 0, 0, 1] },
	  { "text": "- 1000 Aura", "color": [1, 0, 0, 1] },
	  { "text": "BIG L", "color": [1, 0, 0, 1] }
  ]
}