{
  "majorVersion": 3,
  "minorVersion": 3,
  "patchVersion": 3,
  "isDefaultConfig": false,
  "displayMode": "format",
  "doIntermediateUpdates": true,
  "timeDependencyDecimalPrecision": 1,
  "timeDependencyDecimalOffset": 2,
  "judgments": [
    {
      "threshold": 115,
      "text": "<size=350%><color=#FFFFFF>[<color=#FF0000>F<color=#FF8000>l<color=#FFFF00>o<color=#00FF00>o<color=#00FF80>f<color=#0080FF>e<color=#0000FF>r<color=#8000FF>s<color=#FFFFFF>]</size>",
      "color": [
        1.0,
        0.0,
        0.0,
        1.0
      ],
      "fade": false
    },
    {
      "threshold": 114,
      "text": "<size=300%>%B14</size>",
      "color": [
        1.0,
        1.0,
        1.0,
        1.0
      ],
      "fade": false
    },
    {
      "threshold": 113,
      "text": "<size=250%>%B13</size>",
      "color": [
        1.0,
        0.0,
        1.0,
        1.0
      ],
      "fade": false
    },
    {
      "threshold": 112,
      "text": "<size=240%>%B12</size>",
      "color": [
        1.0,
        0.0,
        1.0,
        1.0
      ],
      "fade": true
    },
    {
      "threshold": 111,
      "text": "<size=230%>%B11</size>",
      "color": [
        1.0,
        0.0,
        1.0,
        1.0
      ],
      "fade": true
    },
    {
      "threshold": 110,
      "text": "<size=220%>%B10</size>",
      "color": [
        1.0,
        0.0,
        1.0,
        1.0
      ],
      "fade": true
    },
    {
      "threshold": 109,
      "text": "<size=210%>%B9</size>",
      "color": [
        0.0,
        1.0,
	0.0,
        1.0
      ],
      "fade": true
    },
    {
      "threshold": 108,
      "text": "<size=200%>%B8</size>",
      "color": [
        0.0,
        1.0,
	0.0,
        1.0
      ],
      "fade": true
    },
    {
      "threshold": 107,
      "text": "<size=190%>%B7</size>",
      "color": [
        0.0,
        1.0,
	0.0,
        1.0
      ],
      "fade": true
    },
    {
      "threshold": 106,
      "text": "<size=180%>%B6</size>",
      "color": [
        0.0,
        1.0,
	0.0,
        1.0
      ],
      "fade": true
    },
    {
      "threshold": 105,
      "text": "<size=175%>%B5</size>",
      "color": [
        0.0,
        1.0,
        0.0,
        1.0
      ],
      "fade": true
    },
    {
      "threshold": 104,
      "text": "<size=170%>%B4</size>",
      "color": [
        0.0,
        1.0,
        0.0,
        1.0
      ],
      "fade": true
    },
    {
      "threshold": 103,
      "text": "<size=165%>%B3</size>",
      "color": [
        0.0,
        1.0,
	0.0,
        1.0
      ],
      "fade": true
    },
    {
      "threshold": 102,
      "text": "<size=160%>%B2</size>",
      "color": [
        0.0,
        1.0,
	0.0,
        1.0
      ],
      "fade": true
    },
    {
      "threshold": 101,
      "text": "<size=155%>%B1</size>",
      "color": [
        0.0,
	1.0,
	0.0,
        1.0
      ],
      "fade": true
    },
    {
      "threshold": 100,
      "text": "<size=150%>%B0</size>",
      "color": [
        1.0,
	0.3,
	0.0,
        1.0
      ],
      "fade": true
    },
    {
      "threshold": 90,
      "text": "<size=150%>%BFine%A</size>%n%s",
      "color": [
        1.0,
	0.3,
	0.0,
        1.0
      ],
      "fade": true
    },
    {
      "threshold": 70,
      "text": "<size=200%>%BLOSER%A</size>%n%s",
      "color": [
        1.0,
	0.0,
	0.0,
        1.0
      ],
      "fade": true
    },
    {
      "threshold": 40,
      "text": "<size=250%>%BQUIT MIDO%A</size>%n%s",
      "color": [
        1.0,
	0.0,
	0.0,
        1.0
      ],
      "fade": true
    },
    {
      "threshold": 0,
      "text": "<size=500%>%BRESTART YOU PIECE OF GARBAGE%A</size>%n%s",
      "color": [
        1.0,
	0.0,
	0.0,
        1.0
      ],
      "fade": true
    }
  ],
  "beforeCutAngleJudgments": [
    {
      "threshold": 71,
      "text": "?!?!?!?!"
    },
    {
      "threshold": 70,
      "text": " "
    },
    {
      "threshold": 0,
      "text": "∙"
    }
  ],
  "accuracyJudgments": [
    {
      "threshold": 0,
      "text": " "
    }
  ],
  "afterCutAngleJudgments": [
    {
      "threshold": 31,
      "text": "?!?!?!?!"
    },
    {
      "threshold": 30,
      "text": " "
    },
    {
      "threshold": 0,
      "text": "∙"
    }
  ]
}