{
  "majorVersion": 3,
  "minorVersion": 2,
  "patchVersion": 1,
  "isDefaultConfig": false,
  "displayMode": "format",
  "doIntermediateUpdates": true,
  "timeDependencyDecimalPrecision": 0,
  "timeDependencyDecimalOffset": 0,
  "judgments": [
    {
      "threshold": 115,
      "text": "<size=400%>%B~🦈~%A</size><size=150%>%n%T</size>",
      "color": [
        1.0,
        1.0,
        1.0,
        1.0
      ],
      "fade": false
    },
    {
      "threshold": 110,
      "text": "<size=300%>%B!🦈!%A</size><size=150%>%n%T</size>",
      "color": [
	0.7568628,
	0.3607843,
	1.0,
        1.0
      ],
      "fade": false
    },
    {
      "threshold": 105,
      "text": "<size=250%>%B🦈%A</size><size=150%>%n%T</size>",
      "color": [
	0.3019608,
	0.7137255,
	1.0,
        1.0
      ],
      "fade": false
    },
    {
      "threshold": 100,
      "text": "<size=200%>%B🦈%A</size><size=150%>%n%T</size>",
      "color": [
	0.5372549,
	1.0,
	0.5647059,
        1.0
      ],
      "fade": false
    },
    {
      "threshold": 90,
      "text": "<size=150%>%B🦈%A</size><size=150%>%n%T</size>",
      "color": [
	0.9921569,
	1.0,
	0.3568628,
        1.0
      ],
      "fade": false
    },
    {
      "threshold": 50,
      "text": "<size=150%>%B🦈%A</size><size=150%>%n%T</size>",
      "color": [
	1.0,
	0.5607843,
	0.945098,
        1.0
      ],
      "fade": false
    },
    {
      "threshold": 1,
      "text": "<size=100%>%B🦈%A</size><size=150%>%n%T</size>",
      "color": [
        1.0,
        0.0,
        0.0,
        1.0
      ],
      "fade": false
    },
	{
      "text": "<size=200%>•</size><size=150%>%n%T</size>",
      "color": [
        1.0,
        1.0,
        1.0,
        1.0
      ],
      "fade": false
    }
  ],
  "beforeCutAngleJudgments": [
    {
      "threshold": 71,
      "text": "LAG"
    },
    {
      "threshold": 70,
      "text": " "
    },
    {
      "threshold": 0,
      "text": "<"
    }
  ],
  "accuracyJudgments": [
    {
      "threshold": 0,
      "text": " "
    }
  ],
  "afterCutAngleJudgments": [
    {
      "threshold": 31,
      "text": "LAG"
    },
    {
      "threshold": 30,
      "text": " "
    },
    {
      "threshold": 0,
      "text": ">"
    }
  ]
}